[
  {
    "A": "0x01",
    "label": "IR address"
  },
  {
    "C": "0x13",
    "label": "IR command"
  },
  {
    "0": "0x01",
    "label": "ZERO"
  },
  {
    "10": "0x41",
    "label": "MUTE"
  },
  {
    "20": "0x40",
    "label": "ON/OFF"
  },
  {
    "30": "-1",
    "label": "CH+"
  },
  {
    "1": "0x4e",
    "label": "ONE"
  },
  {
    "11": "0x50",
    "label": "ARROW RIGHT"
  },
  {
    "21": "0x11",
    "label": "RADIO"
  },
  {
    "31": "-1",
    "label": "CH-"
  },
  {
    "2": "0x0d",
    "label": "TWO"
  },
  {
    "12": "0x51",
    "label": "ARROW LEFT"
  },
  {
    "22": "0x43",
    "label": "PLAYER"
  },
  {
    "32": "-1",
    "label": "-"
  },
  {
    "3": "0x0c",
    "label": "THREE"
  },
  {
    "13": "0x1a",
    "label": "ARROW DOWN"
  },
  {
    "23": "0x0f",
    "label": "DLNA"
  },
  {
    "4": "0x4a",
    "label": "FOUR"
  },
  {
    "14": "0x16",
    "label": "ARROW UP"
  },
  {
    "24": "0x19",
    "label": "CLOCK"
  },
  {
    "5": "0x09",
    "label": "FIVE"
  },
  {
    "15": "0x42",
    "label": "MODE"
  },
  {
    "25": "0x00",
    "label": "OFF TIMER"
  },
  {
    "6": "0x08",
    "label": "SIX"
  },
  {
    "16": "0x13",
    "label": "OK"
  },
  {
    "26": "0x18",
    "label": "VOLUME+"
  },
  {
    "7": "0x46",
    "label": "SEVEN"
  },
  {
    "17": "-1",
    "label": "-"
  },
  {
    "27": "0x10",
    "label": "VOLUME-"
  },
  {
    "8": "0x05",
    "label": "EIGHT"
  },
  {
    "18": "0x5a",
    "label": "PAUSE/RESUME"
  },
  {
    "28": "0x55",
    "label": "<< 30s"
  },
  {
    "9": "0x04",
    "label": "NINE"
  },
  {
    "19": "0x52",
    "label": "STOP"
  },
  {
    "29": "0x54",
    "label": ">> 30s"
  }
]