﻿StationName;StationURL;Country
030-berlinfm;vtuner.stream.laut.fm/030-berlinfm;D
100,5 DAS HITRADIO;www.surfmusic.de/m3u/100-5-das-hitradio,4529.m3u;D
101FM.de Internetradio;www.101fm.de/radio_links/listen.pls;D
104.6 RTL;rtlberlin.hoerradar.de/rtlberlin-live-mp3-128;D
105.5 Spreeradio;stream.spreeradio.de/spree-live/mp3-128/vtuner/;D
106.4 TOP FM;mp3.topfm.c.nmdn.net/ps-topfm/livestream.mp3;D
1Live, WDR Koeln;www.wdr.de/wdrlive/media/einslive.m3u;D
88vier;ice.rosebud-media.de:8000/88vier;D
89 HIT FM;stream.hitfm.de:9050/live;D
89.0 RTL;stream.89.0rtl.de/live/mp3-256/direktlinkHP/play.m3u;D
917XFM;138.201.251.247/917xfm_128;D
93,6 JAM FM;stream.jam.fm/jamfm-live/mp3-128/vtuner/;D
94.3 RS2;stream.rs2.de/rs2/mp3-128/internetradio;D
94.3 RS2 Partymix;stream.rs2.de/rs2-relax/mp3-128/internetradio;D
95.5 Charivari;rs5.stream24.net:80/stream;D
98.8 KISS FM;stream.kissfm.de/kissfm/mp3-128/internetradio;D
Absolut Radio;stream.absolutradio.de/hq/mp3-160/vtuner/;D
Absolut Radio Relax;stream.absolutradio.de/relax/mp3-160;D
AllgäuHIT;www.allgaeuhit.de/allgaeuhit.m3u;D
Alpenwelle;live.alpenwelle.de/alpenwelle128;D
alsterradio;live96.alsterradio.de/;D
AlternativeFM;alternativefm.cast.addradio.de/alternativefm/simulcast/high/stream.mp3;D
ANTENNE BAYERN;www.antenne.de/webradio/antenne.m3u;D
ANTENNE BAYERN Chillout;mp3channels.webradio.antenne.de/chillout;D
ANTENNE BAYERN Fresh;mp3channels.webradio.antenne.de/fresh;D
ANTENNE BAYERN Oldies but Goldies;mp3channels.webradio.antenne.de/oldies-but-goldies;D
ANTENNE BAYERN Top 40;www.antenne.de/webradio/channels/top-40.m3u;D
Antenne Brandenburg vom rbb;www.antennebrandenburg.de/live.m3u;D
Antenne Idar-Oberstein;mp3.stream.antenne-io.de/;D
Antenne Mainz;www.surfmusik.de/m3u/antenne-mainz-106-6-fm,14569.m3u;D
ANTENNE MUENSTER;stream.antennemuenster.de:8000/am128k;D
Antenne MV;streams.antennemv.de/antennemv-live/mp3-192/vtuner/;D
Antenne Niederrhein;www.surfmusic.de/m3u/antenne-niederrhein,7222.m3u;D
Antenne Niedersachsen;stream.antenne.com/deutsch/mp3-128/stream.antenne.com/;D
Antenne Pirmasens;mp3.stream.antenne-pirmasens.de/;D
Antenne Saar Livestream;streaming01.sr-online.de/antennesaar_2.m3u;D
ANTENNE THUERINGEN;stream.antennethueringen.de/live/mp3-192/play.m3u;D
Antenne Unna;dd11422.kasserver.com:8010/;D
Antenne Zweibrücken;mp3.stream.antenne-zweibruecken.de/;D
antenne1 Stuttgart;stream.antenne1.de/stream1/livestream.mp3;D
Antenne-AC;mp3.antenneac.c.nmdn.net/ps-antenneac/livestream.mp3;D
antenne-koeln;vtuner.stream.laut.fm/antenne-koeln;D
apollo radio;streams.bcs-systems.de/apollo/live/sachsen/mp3/radioplayer/web;D
B5 aktuell;br-b5aktuell-live.cast.addradio.de/br/b5aktuell/live/mp3/128/stream.mp3;D
baden.fm;badenfm.ip-streaming.net:8006/badenfm;D
Bavaradio;streamplus16.leonex.de:15268;D
Bayern 1 Oberbayern;streams.br.de/bayern1obb_2.m3u;D
Bayern 2 Süd;streams.br.de/bayern2sued_2.m3u;D
Bayern 3;streams.br.de/bayern3_2.m3u;D
Bayernwelle;icebwso2.srv.co.at:8000/bwchg_hi;D
BB Radio - Berlin Club;streambbr.ir-media-tec.com/berlin/mp3-128/vtuner_web_mp3/;D
Berliner Rundfunk;138.201.252.6/brf_128;D
BHeins;46.163.75.84:8000;D
bigFM;srv05.bigstreams.de/bigfm-mp3-96;D
Bremen Eins;dl-ondemand.radiobremen.de/bremeneins.m3u;D
Bremen Vier;dl-ondemand.radiobremen.de/bremenvier.m3u;D
ByteFM;bytefm.cast.addradio.de/bytefm/main/mid/stream;D
Charivari Hitmix;rs5.stream24.net:8000/stream;D
COUNTRY 108;tuner.country108.com:80;D
DASDING;mp3-live.dasding.de/dasding_m.m3u;D
DEFJAY.DE - 100% R&B! (GERMANY);icepool.silvacast.com/DEFJAY.mp3;D
delta radio;streams.deltaradio.de/delta-live/mp3-192/streams.deltaradio.de/;D
detektor.fm;sec-detektorfm.hoerradar.de/detektorfm-musik-mp3-128;D
Deutschlandfunk;st01.dlf.de/dlf/01/128/mp3/stream.mp3;D
DIE NEUE 107.7;www.surfmusik.de/m3u/die-neue-107-7-rock,16562.m3u;D
die neue welle;www.die-neue-welle.DE/dnw_128.m3u;D
Dlf Nova;st03.dlf.de/dlf/03/128/mp3/stream.mp3;D
DONAU 3 FM;www.surfmusik.de/m3u/donau-3-fm,6486.m3u;D
egoFM;mp3ad.egofm.c.nmdn.net/ps-egofm_128/livestream.mp3.m3u;D
ENERGY BERLIN;185.52.127.159/de/33001/mp3_128.mp3;D
extra-radio 88.0;radionetz.de:8000/extra-radio.mp3;D
FEUCHT.FM;www.surfmusik.de/m3u/feucht-fm,18326.m3u;D
fischkopp;fischkopp.stream.laut.fm/fischkopp?ref=vtuner;D
FluxFM - Live;fluxfm.hoerradar.de/fluxfm-berlin;D
Fritz vom rbb;www.fritz.de/live.m3u;D
Gong 97,1;webstream.gong971.de/gong971;D
Hamburg ZWEI;stream.hamburg-zwei.de/hh2-live/mp3-128/vtuner/;D
harmony.fm;mp3.harmonyfm.de/harmonyfm/hqlivestream.mp3;D
Hellwig Radio West;hellwegradiowest.radiovonhier.de/high/stream.mp3;D
Hitradio FFH;mp3.ffh.de/radioffh/hqlivestream.mp3;D
Hitradio MS One;stream.msone.de:9000;D
Hitradio N1;webstream.hitradion1.de/hitradion1;D
Hitradio RT1 96,7 FM;mp3.hitradiort1.c.nmdn.net/hitradiort1hp/livestream.mp3;D
Hitradio SKW;edge.audio.3qsdn.com/senderkw-mp3;D
HITS80s;listen.radionomy.com/1HITS80s.m3u;D
Hitstation.fm;46.105.118.14:13500/;D
HIT104 - Your Top 40 Channel;tuner.hit104.com:80;D
hr1;metafiles.gl-systemhaus.de/hr/hr1_2.m3u;D
hr2;metafiles.gl-systemhaus.de/hr/hr2_2.m3u;D
hr3;hr-hr3-live.cast.addradio.de/hr/hr3/live/mp3/128/stream.mp3;D
hr4;hr-hr4-live.cast.addradio.de/hr/hr4/live/mp3/128/stream.mp3;D
I Love Radio;www.iloveradio.de/iloveradio.m3u;D
JACK FM;tuner.jackfm.de:80/;D
JOKE FM;rs33.stream24.net/joke-fm.mp3;D
kick!fm;live.kickfm.eu:8000/;D
KielFM - 101,2 Mhz;radio.oksh.de:8000/kielfm.mp3.m3u;D
KiRaKa;wdr-kiraka-live.icecast.wdr.de/wdr/kiraka/live/mp3/128/stream.mp3;D
Klassik Radio - Live;stream.klassikradio.de/live/mp3-128/www.klassikradio.de/;D
KULTRADIO;ice.kultradio.fm/kult128.mp3.m3u;D
LandesWelle Thueringen;stream.landeswelle.de/lwt/mp3-192;D
Leinehertz 106.5;leinehertz01.htp.net:8000;D
M1-Chillout;tuner.m1.fm/chillout.mp3;D
M1-Hits;tuner.m1.fm/hits.mp3;D
MacSlon's Irish Pub Radio;macslons-irish-pub-radio.com/media.asx;D
MAXX FM;mp3ad.radiob2maxxfm.c.nmdn.net/radiob2maxxfm/livestream.mp3;D
MDR JUMP;avw.mdr.de/streams/284320-0_mp3_high.m3u;D
MDR SACHSEN;avw.mdr.de/streams/284280-0_aac_high.m3u;D
MDR SPUTNIK;avw.mdr.de/streams/284330-0_mp3_high.m3u;D
MDR THUERINGEN;avw.mdr.de/streams/284300-0_mp3_high.m3u;D
MEER RADIO 88.0;meerradio.ip-streaming.net/meerradio;D
MEGA RADIO;mega.syntegic.net:8000/mega.mp3;D
N JOY;www.ndr.de/resources/metadaten/audio/m3u/n-joy.m3u;D
NDR1 Radio MV;www.ndr.de/resources/metadaten/audio/m3u/ndr1radiomv.m3u;D
NDR2 MV;www.ndr.de/resources/metadaten/audio/m3u/ndr2_mv.m3u;D
NDR 90,3;www.ndr.de/resources/metadaten/audio/m3u/ndr903.m3u;D
Neckaralb Live;www.surfmusik.de/m3u/neckaralb-live,18555.m3u;D
NE-WS 89.4;edge.live.mp3.mdn.newmedia.nacamar.net/ps-news894/livestream.mp3.m3u;D
Ostseewelle Hitradio;edge.live.mp3.mdn.newmedia.nacamar.net/ostseewellelive/livestream.mp3;D
planet radio iTunes hot 40;mp3.planetradio.de/planetradio/hqlivestream.mp3;D
Power Radio;85.25.217.22:8020/stream;D
PRIMATON;mp3ad.primaton.c.nmdn.net/primaton/livestream4hi.mp3?;D
R.SA Sachsen;streams.rsa-sachsen.de/100/mp3-128/streams.rsa-sachsen.de/;D
R.SH;streams.rsh.de/rsh-live/mp3-192/vtuner/;D
R.SH Sylt;streams.rsh.de/rsh-sylt/mp3-192/mediaplayer;D
Radio 21 Hannover.FM;188.94.97.92:80/lnn_hannoverfm.mp3;D
Radio 7 Aalen;stream.radio7.de/stream9/livestream.mp3;D
Radio 8;stream.radio8.de:8000/live;D
Radio Arabella;rs6.stream24.net/stream.aac;D
RADIO AUGSBURG;streamplus36.leonex.de:15440;D
radio B2 Berlin-Brandenburg;mp3ad.radiob2.c.nmdn.net/ps-radiob2regional/livestream.mp3;D
Radio Bamberg;rs1.stream24.net:80/stream;D
Radio Berg;edge.live.mp3.mdn.newmedia.nacamar.net/radioberg/livestream.mp3;D
RADIO BOB!;streams.radiobob.de/bob-live/mp3-192/vtuner/;D
Radio Bonn Rhein-Sieg;www.surfmusik.de/m3u/radio-bonn-rhein-sieg,998.m3u;D
Radio Brocken;stream.radiobrocken.de/live/mp3-128/radioplayerhp/play.m3u;D
Radio Cottbus;edge.audio.3qsdn.com/5708_BKtjwVvWF3NmzGH;D
Radio Dresden;streaming.radiodresden.de/radio-dresden_simulcast_128k_mp3;D
Radio Duisburg;www.surfmusik.de/m3u/radio-duisburg,9690.m3u;D
Radio Eins;webstream.radioeins.com/radio-eins.mp3;D
Radio Erzgebirge;streaming.radioerzgebirge.de/radio-erzgebirge_simulcast_128k_mp3;D
Radio F;webradio.radiof.de:8000;D
Radio Fantasy;stream.fantasy.de/fantasy.mp3;D
radio ffn;stream.ffn.de/ffn/mp3-192/;D
RADIO FLENSBURG;www.surfmusik.de/m3u/radio-flensburg,9276.m3u;D
Radio Galaxy;mp3ad.radiogalaxy.c.nmdn.net/ps-radiogalaxy/livestream.mp3;D
radio Guetersloh;mp3.radioguetersloh.c.nmdn.net/ps-radioguetersloh/livestream.mp3;D
Radio Hamburg;stream.radiohamburg.de/rhh-live/mp3-128/vtuner/;D
radio Herford;mp3.radioherford.c.nmdn.net/ps-radioherford/livestream.mp3;D
Radio Ingolstadt;www.funkhaus-ingolstadt.de/streams/radioin-mp3.m3u;D
Radio Kaarst;46.105.118.14:8800;D
Radio Kiepenkerl;radiokiepenkerlsued.radiovonhier.de/high/stream.mp3;D
Radio M4;144.76.12.86:4444/m4-web-hq;D
Radio Mainwelle;webstream.mainwelle.de/radio-mainwelle.mp3;D
Radio MK Nord;radiomknord.radiovonhier.de:8000/stream_high.mp3;D
Radio Neandertal;mp3.l.nmdn.net:80/ps-neandertal/livestream.mp3;D
Radio Nienburg Mittelweser;www.surfmusik.de/m3u/radio-mittelweser-103-3-fm,15245.m3u;D
Radio Nora;stream.hoerradar.de/nora128.m3u;D
Radio Nordseewelle;stream.radio-nordseewelle.de/live/mp3-192/vtuner/;D
Radio Okerwelle 104.6;www.surfmusik.de/m3u/radio-okerwelle,988.m3u;D
Radio Ostfriesland;www.surfmusik.de/m3u/radio-ostfriesland,9899.m3u;D
Radio Paradiso;klang.center:8080/paradiso.bln.mp3;D
Radio Plassenburg 101,6;rs15.stream24.net/stream;D
Radio Potsdam;mp3.radiopotsdam.c.nmdn.net/ps-radiopotsdam/livestream.mp3;D
Radio Primavera;mp3ad.radioprimavera.c.nmdn.net/fs_radioprimavera/livestream.mp3;D
Radio PSR;streams.radiopsr.de/psr-live/mp3-192/streams.radiopsr.de/;D
Radio Regenbogen;scast.regenbogen.de/rr-karlsruhe-128-mp3;D
Radio RSG;edge.live.mp3.mdn.newmedia.nacamar.net/ps-radiorsg/livestream.mp3;D
Radio Rüsselsheim;www.radio-r.net:8000/radio-r;D
Radio Salü - Top100;internetradio.salue.de:8000/top100.mp3;D
radio SAW;stream.radiosaw.de/;D
Radio Seefunk - RSF;webradio.radio-seefunk.de:8000;D
Radio SRW;148.251.57.185:9306/;D
Radio TEDDY;78.47.119.109:8000/intro.radioteddy.mp3;D
Radio Ton;live.radioton.de/rt-live-hn.m3u;D
Radio Trausnitz;mp3.l.nmdn.net:80/ps-radiotrausnitz/livestream.mp3;D
RADIO VHR;live.radio-vhr.de/radiovhr.mp3.m3u;D
RADIO WMW;mms.hoerradar.de/wmw128k;D
Radio Wuppertal;mp3.l.nmdn.net:80/ps-radiowuppertal/livestream.mp3;D
RADIO21 - 104.1 Oldenburg;188.94.97.91/radio21_oldenburg.mp3;D
Radio38;stream.radio38.de/bs/mp3-128/stream.radio38.de/;D
radioBERLIN 88,8;rbb-radioberlin-live.cast.addradio.de/rbb/radioberlin/live/mp3/128/stream.mp3;D
radioeins vom rbb;www.radioeins.de/live.m3u;D
radio-ilmwelle;www.surfmusik.de/m3u/radio-ilmwelle,17933.m3u;D
radiowsw;87.98.217.63:24094/stream;D
ROCK ANTENNE;www.rockantenne.de/webradio/rockantenne.m3u;D
Rockland;stream.rockland-digital.de/rockland/mp3-128;D
RPR1.Mainz;streams.rpr1.de/mz-128-mp3;D
Schwarzwald Radio;str0.creacast.com/schwarzwaldradio.m3u;D
SR1;streaming01.sr-online.de/sr1_2.m3u;D
SR3;streaming01.sr-online.de/sr3_2.m3u;D
STAR FM Maximum Rock Berlin;85.25.43.55:80/berlin.mp3;D
STAR SAT RADIO;mp3ad.radiob2starsat.c.nmdn.net/ps-radiob2starsat/livestream.mp3;D
sunshine live;www.surfmusik.de/m3u/radio-sunshine-live,917.m3u;D
SWR1 BW;mp3-live.swr.de/swr1bw_m.m3u;D
SWR2;mp3-live.swr.de/swr2_m.m3u;D
SWR3;mp3-live.swr3.de/swr3_m.m3u;D
SWR4 BW;mp3-live.swr.de/swr4bw_m.m3u;D
Syltfunk;www.surfmusik.de/m3u/syltfunk-radio,18227.m3u;D
TIDE 96,0;www.surfmusik.de/m3u/tide-96-0,10289.m3u;D
UnserDing;streaming01.sr-online.de/unserding_1.m3u;D
VOGTLAND RADIO;vogtlandradio.mp3.green.ch/vogtland_128k_mp3;D
Welle Niederrhein;mp3.l.nmdn.net:80/ps-wellenr/livestream.mp3;D
YOU FM;hr-youfm-live.cast.addradio.de/hr/youfm/live/mp3/128/stream.mp3;D
88.6 Wien;www.surfmusik.de/m3u/radio-88-6-fm,10712.m3u;AT
Antenne Tirol Livestream;streamplus30.leonex.de:14840/listen.pls;AT
ANTENNE VORARLBERG HD;webradio.antennevorarlberg.at/live.m3u;AT
Hitradio Ö3;mp3stream7.apasf.apa.at:8000/;AT
Kronehit;onair.krone.at/kronehit.mp3.m3u;AT
Kronehit Yam;onair-ha1.krone.at/kronehit-yam.mp3.m3u;AT
Life Radio;94.136.28.10:8000/liferadio.m3u;AT
Life Radio - Made in Austria;94.136.28.10:8001/mia.m3u;AT
OE1;mp3stream3.apasf.apa.at/listen.pls;AT
ORF FM4;mp3stream1.apasf.apa.at:8000;AT
ORF RADIO Kaernten;194.232.200.145:8000/listen.pls;AT
ORF Radio Salzburg;194.232.200.147:8000/listen.pls;AT
ORF Tirol;mp3stream10.apasf.apa.at:8000/;AT
Radio 24;streamplus14.leonex.de:24954/listen.pls;AT
Radio Alpina 106,9;streamplus23.leonex.de:25708/listen.pls;AT
Radio Burgenland;194.232.200.146:8000/listen.pls;AT
Radio FREEQUENNS;www.freequenns.at:8000/rflow;AT
Radio Grün-Weiß;live.gruen-weiss.at/rgw.mp3;AT
Radio Oberoesterreich;194.232.200.148/listen.pls;AT
Radio Steiermark;mp3stream9.apasf.apa.at:8000/listen.pls;AT
Radio Technikum;fc.macjingle.net:8200/listen.pls;AT
Radio Uno;host5.cartwall.at:8888/listen.pls;AT
Radio Welle Wörthersee;s9.pop-stream.de:9750/;AT
Radio Wien;mp3stream2.apasf.apa.at:8000/;AT
Radiofabrik 107,5;stream.radiofabrik.at:8000/rf_low.mp3;AT
Soundportal;rs24.stream24.net:8000;AT
U1 Tirol;188.138.1.125:24332/listen.pls;AT
Unzmarkt-Frauenburg LIVE;www.cartwall.at:7320/listen.pls;AT
WELLE 1 Salzburg;live.welle1.at:8128/listen.pls;AT
my105 Original;stream01.my105.ch/my105original.mp3;CH
neo1;webradio.neo1.ch/neo1;CH
Planet 105;radio.netstream.ch/planet105_128k_mp3.m3u;CH
Radio 1;radio.netstream.ch/128k.m3u;CH
Radio 24 Zürich;icecast.radio24.ch/radio24.m3u;CH
Radio 32;radio32-stream.customer.solnet.ch:8000/radio32.m3u;CH
Radio 3FACH;3fach.ch/wp-content/uploads/listen.pls;CH
Radio 4 TNG;radio4tng.ice.infomaniak.ch/radio4tng-live-web.mp3.m3u;CH
Radio Argovia;icecastgreen.argovia.ch:8080/argovia-rc-96-aac;CH
Radio Basilisk;ohnewerbung.ice.infomaniak.ch:80/radiobasilisk-64-128-0;CH
Radio BeO;87.237.169.123:8000/radiobeo.mp3;CH
RADIO BERN1;radio.netstream.ch/radiobern1128k.m3u;CH
Radio Central;radiocentral.ice.infomaniak.ch/radiocentral-128.mp3;CH
Radio FM1;radiofm1.ice.infomaniak.ch/radiofm1-128.mp3;CH
Radio Freiburg;broadcast.infomaniak.ch/radiofreiburg-high.mp3.m3u;CH
Radio Inside;fra.radiostream.de:37499/listen.pls;CH
Radio Kaiseregg;radiokaiseregg128k.ice.infomaniak.ch/playlists/stream128k.mp3.m3u;CH
Radio Pilatus;www.radiopilatus.ch/streams/pilatus128.pls;CH
Radio Rottu Oberwallis;streams.rro.ch/rro.mp3;CH
Radio Swiss Pop;stream.srg-ssr.ch/rsp/mp3_128.m3u;CH
RADIO TOP;icecast.radiotop.ch/radiotop_128.m3u;CH
RADIO TOP TWO;icecast.radiotop.ch/toptwo_128.m3u;CH
Radio Zuerisee;mp3.radio.ch/radiozuerisee128k.m3u;CH
radiotell.ch;stream.radiotell.ch/radiotell.mp3;CH
SRF 1;stream.srg-ssr.ch/drs1/mp3_128.m3u;CH
SRF 2;stream.srg-ssr.ch/drs2/mp3_128.m3u;CH
SRF 3;stream.srg-ssr.ch/drs3/mp3_128.m3u;CH
SRF Musikwelle;stream.srg-ssr.ch/drsmw/mp3_128.m3u;CH
SRF Virus;stream.srg-ssr.ch/drsvirus/mp3_128.m3u;CH
BelgianOldiesRadio;listen.radionomy.com/niceoldies;BE
BRF Radio 1;streaming.brf.be/brf1-high.mp3;BE
BRF Radio 2;streaming.brf.be:80/brf2-high.mp3;BE
RAI Südtirol;radiobzlive.rai.it/RAIBZ_Livestream;IT
Südtirol1;str2.creacast.com/sudtirol1a.m3u;IT
Tele Radio Vinschgau;88.99.122.236:8012/stream/1/;IT
bbc_1xtra;bbcmedia.ic.llnwd.net/stream/bbcmedia_radio1xtra_mf_p;UK
bbc_6music;bbcmedia.ic.llnwd.net/stream/bbcmedia_6music_mf_p;UK
bbc_london;bbcmedia.ic.llnwd.net/stream/bbcmedia_lrldn_mf_p;UK
bbc_radio_five_live;bbcmedia.ic.llnwd.net/stream/bbcmedia_radio5live_mf_p;UK
bbc_radio_four_extra;bbcmedia.ic.llnwd.net/stream/bbcmedia_radio4extra_mf_p;UK
bbc_radio_fourfm;bbcmedia.ic.llnwd.net/stream/bbcmedia_radio4fm_mf_p;UK
bbc_radio_gloucestershire;bbcmedia.ic.llnwd.net/stream/bbcmedia_lrgloucs_mf_p;UK
bbc_radio_one;bbcmedia.ic.llnwd.net/stream/bbcmedia_radio1_mf_p;UK
bbc_radio_scotland_fm;bbcmedia.ic.llnwd.net/stream/bbcmedia_scotlandfm_mf_p;UK
bbc_radio_three;bbcmedia.ic.llnwd.net/stream/bbcmedia_radio3_mf_p;UK
bbc_radio_two;bbcmedia.ic.llnwd.net/stream/bbcmedia_radio2_mf_p;UK
bbc_radio_wales_fm;bbcmedia.ic.llnwd.net/stream/bbcmedia_walesmw_mf_p;UK
Capital London;media-sov.musicradio.com:80/CapitalMP3;UK
Fun Kids Radio;www.funkidslive.com/player/aggregator-96-mp3.m3u;UK
Gold London;media-ice.musicradio.com/Gold.m3u;UK
Heart London;media-ice.musicradio.com/HeartLondonMP3;UK
Imagine FM;webradio.radiomonitor.com/stream/Imagine;UK
LBC London;media-ice.musicradio.com/LBCLondon.m3u;UK
Manx Radio AM;edge-event-05-gos1.sharp-stream.com:80/manxradiofm.mp3;UK
Magic;icy-e-bz-03-gos.sharp-stream.com/magic1054.mp3;UK
Radio Caroline;sc3.radiocaroline.net:8030/listen.pls;UK
Radio X London;media-ice.musicradio.com/RadioXLondon.m3u;UK
Stray  FM;str1.sad.ukrd.com/stray.m3u;UK
Sunshine Radio;icecast.easystream.co.uk:8000/herefordFM;UK
